,GG,GA,AC,CT,TA,AA,AT,TG,TC,CA,AG,GC,CC,GT,TT,CG
Gato,0.028578148888627544,0.042632012230977304,0.08285311066682348,0.0777372691991062,0.0982006350699753,0.10143478772198047,0.09108549923556392,0.038398212395625075,0.06444784193813947,0.08367634952369751,0.05057038692226273,0.03798659296718805,0.07662001646477713,0.032282723744560746,0.06974009173232977,0.02387392684934729
León,0.02894736842105263,0.041507177033492826,0.08157894736842106,0.07966507177033492,0.09868421052631579,0.10442583732057416,0.09150717703349283,0.03636363636363636,0.06614832535885168,0.0825956937799043,0.049700956937799044,0.038217703349282296,0.0757177033492823,0.030083732057416268,0.07123205741626794,0.02374401913875598
Tigre,0.026758045292014303,0.04147794994040525,0.08039332538736592,0.07741358760429082,0.10172824791418356,0.10560190703218117,0.09457687723480333,0.03635280095351609,0.06466030989272945,0.08212157330154947,0.05035756853396901,0.03641239570917759,0.07598331346841478,0.030810488676996425,0.0734803337306317,0.02199046483909416
